decile,policies,claims,avg_score,claim_rate,lift
10,24788,9254,0.37332580524177594,0.37332580280781025,10.085525254155236
9,25117,0,9.607186483877846e-09,0.0,0.0
8,24492,0,9.60718648387698e-09,0.0,0.0
7,24620,0,9.607186483876203e-09,0.0,0.0
6,25196,0,9.607186483875576e-09,0.0,0.0
5,23896,0,9.607186483875104e-09,0.0,0.0
4,24730,0,9.607186483874704e-09,0.0,0.0
3,25905,0,9.607186483874383e-09,0.0,0.0
2,26227,0,9.60718648387407e-09,0.0,0.0
1,25029,0,9.607186483873702e-09,0.0,0.0
