risk_tier,policies,actual_claim_rate,avg_actual_loss,avg_expected_loss,avg_pred_pure_premium
High,1200,0.03,44.910374999999995,78.94931443564721,363.66542154258076
Low,7200,0.03722222222222222,48.25320555555556,54.59732258250335,85.87152035045551
Medium,3000,0.03833333333333333,53.70827666666666,64.31979530414695,209.88730072199502
Very High,600,0.045,169.10161666666667,139.40297034430304,715.4510166410696
